Workbook

Sheet Hotels
A1: # | B1: Hotel ID | C1: Hotel Name | D1: City | E1: Country | F1: Agoda Rating (/10) | G1: Reviews | H1: Price PKR / night | I1: Halalbooking Name | J1: Name Match | K1: Photo File | L1: Agoda URL | M1: Halalbooking URL | N1: Source Price USD (Halalbooking)
A2: 1 | B2: 22221 | C2: The Land of Legends Kingdom | D2: Antalya | E2: Turkey | F2: 9 | G2: 261 | H2: =N2*Settings!$B$3 -> 224560 | I2: The Land Of Legends Kingdom Hotel | J2: 1 | K2: img/22221.jpg | L2: https://www.agoda.com/the-land-of-legends-kingdom/hotel/antalya-tr.html | M2: https://halalbooking.com/en-us/p/22221 | N2: 802
A3: 2 | B3: 22665 | C3: Akra Antalya | D3: Antalya | E3: Turkey | F3: 8.9 | G3: 1466 | H3: =N3*Settings!$B$3 -> 49840 | I3: Akra Antalya | J3: 1 | K3: img/22665.jpg | L3: https://www.agoda.com/barut-akra-and-akra-park-hotel_2/hotel/antalya-tr.html | M3: https://halalbooking.com/en-us/p/22665 | N3: 178
A4: 3 | B4: 23167 | C4: Ramada Plaza by Wyndham Antalya | D4: Antalya | E4: Turkey | F4: 8.2 | G4: 1022 | H4: =N4*Settings!$B$3 -> 48160 | I4: Ramada Plaza by Wyndham Antalya | J4: 1 | K4: img/23167.jpg | L4: https://www.agoda.com/ramada-plaza-antalya/hotel/antalya-tr.html | M4: https://halalbooking.com/en-us/p/23167 | N4: 172
A5: 4 | B5: 8778 | C5: Crowne Plaza Antalya By IHG | D5: Antalya | E5: Turkey | F5: 7.9 | G5: 589 | H5: =N5*Settings!$B$3 -> 38920 | I5: Crowne Plaza Hotel Antalya by IHG | J5: 1 | K5: img/8778.jpg | L5: https://www.agoda.com/crowne-plaza-antalya/hotel/antalya-tr.html | M5: https://halalbooking.com/en-us/p/8778 | N5: 139
A6: 5 | B6: 7617 | C6: Argos Hotel | D6: Antalya | E6: Turkey | F6: 8.3 | G6: 322 | H6: =N6*Settings!$B$3 -> 26600 | I6: Argos Hotel | J6: 1 | K6: img/7617.jpg | L6: https://www.agoda.com/argos-hotel/hotel/antalya-tr.html | M6: https://halalbooking.com/en-us/p/7617 | N6: 95
A7: 6 | B7: 26202 | C7: Delight Deluxe Hotel | D7: Antalya | E7: Turkey | F7: 8.7 | G7: 212 | H7: =N7*Settings!$B$3 -> 19880 | I7: Delight Deluxe Hotel | J7: 1 | K7: img/26202.jpg | L7: https://www.agoda.com/delight-deluxe-boutique-hotel_2/hotel/antalya-tr.html | M7: https://halalbooking.com/en-us/p/26202 | N7: 71
A8: 7 | B8: 71420 | C8: Cender Hotel | D8: Antalya | E8: Turkey | F8: 6.5 | G8: 376 | H8: =N8*Settings!$B$3 -> 19040 | I8: Cender Hotel | J8: 1 | K8: img/71420.jpg | L8: https://www.agoda.com/cender-hotel_3/hotel/antalya-tr.html | M8: https://halalbooking.com/en-us/p/71420 | N8: 68
A9: 8 | B9: 64812 | C9: Alp Pasa Hotel - Special Class | D9: Antalya | E9: Turkey | F9: 8.1 | G9: 669 | H9: =N9*Settings!$B$3 -> 22400 | I9: Alp Pasa Hotel - Special Class | J9: 1 | K9: img/64812.jpg | L9: https://www.agoda.com/alp-pasa-antalya-kaleici-old-town_2/hotel/antalya-tr.html | M9: https://halalbooking.com/en-us/p/64812 | N9: 80
A10: 9 | B10: 23170 | C10: Suite Laguna Hotel | D10: Antalya | E10: Turkey | F10: 8 | G10: 252 | H10: =N10*Settings!$B$3 -> 20160 | I10: Suite Laguna Hotel | J10: 1 | K10: img/23170.jpg | L10: https://www.agoda.com/suite-laguna-hotel/hotel/antalya-tr.html | M10: https://halalbooking.com/en-us/p/23170 | N10: 72
A11: 10 | B11: 23376 | C11: Puding Hotel | D11: Antalya | E11: Turkey | F11: 8.7 | G11: 759 | H11: =N11*Settings!$B$3 -> 24360 | I11: Puding Hotel | J11: 1 | K11: img/23376.jpg | L11: https://www.agoda.com/puding-marina-residence-special-category/hotel/antalya-tr.html | M11: https://halalbooking.com/en-us/p/23376 | N11: 87
A12: 11 | B12: 7618 | C12: Best Western Plus Khan Hotel | D12: Antalya | E12: Turkey | F12: 8.1 | G12: 236 | H12: =N12*Settings!$B$3 -> 33040 | I12: Best Western Plus Khan Hotel | J12: 1 | K12: img/7618.jpg | L12: https://www.agoda.com/best-western-plus-khan-hotel_12/hotel/antalya-tr.html | M12: https://halalbooking.com/en-us/p/7618 | N12: 118
A13: 12 | B13: 23553 | C13: Hotel SU & Aqualand | D13: Antalya | E13: Turkey | F13: 8.5 | G13: 614 | H13: =N13*Settings!$B$3 -> 56560 | I13: Hotel SU & Aqualand | J13: 1 | K13: img/23553.jpg | L13: https://www.agoda.com/sunis-hotels-hotel-su/hotel/antalya-tr.html | M13: https://halalbooking.com/en-us/p/23553 | N13: 202
... A755: 754 | B755: 70508 | C755: Spa Hotel Terme | D755: Sarajevo | E755: Bosnia and Herzegovina | F755: 5.8 | G755: 57 | H755: =N755*Settings!$B$3 -> 22680 | I755: Spa & Hotel Terme | J755: 1 | K755: img/70508.jpg | L755: https://www.agoda.com/spa-hotel-terme/hotel/sarajevo-ba.html | M755: https://halalbooking.com/en-us/p/70508 | N755: 81

Sheet Summary
A1: Summary by country
A3: Country | B3: Hotels | C3: Avg price PKR / night | D3: Min price PKR | E3: Max price PKR
A4: Bosnia and Herzegovina | B4: =COUNTIF(Hotels!$E$2:$E$755,A4) -> 10 | C4: =AVERAGEIF(Hotels!$E$2:$E$755,A4,Hotels!$H$2:$H$755) -> 37072 | D4: =_xlfn.MINIFS(Hotels!$H$2:$H$755,Hotels!$E$2:$E$755,A4) -> 18480 | E4: =_xlfn.MAXIFS(Hotels!$H$2:$H$755,Hotels!$E$2:$E$755,A4) -> 81200
A5: Egypt | B5: =COUNTIF(Hotels!$E$2:$E$755,A5) -> 29 | C5: =AVERAGEIF(Hotels!$E$2:$E$755,A5,Hotels!$H$2:$H$755) -> 66736.552 | D5: =_xlfn.MINIFS(Hotels!$H$2:$H$755,Hotels!$E$2:$E$755,A5) -> 7280 | E5: =_xlfn.MAXIFS(Hotels!$H$2:$H$755,Hotels!$E$2:$E$755,A5) -> 163240
A6: France | B6: =COUNTIF(Hotels!$E$2:$E$755,A6) -> 55 | C6: =AVERAGEIF(Hotels!$E$2:$E$755,A6,Hotels!$H$2:$H$755) -> 67892.364 | D6: =_xlfn.MINIFS(Hotels!$H$2:$H$755,Hotels!$E$2:$E$755,A6) -> 15960 | E6: =_xlfn.MAXIFS(Hotels!$H$2:$H$755,Hotels!$E$2:$E$755,A6) -> 183680
A7: Indonesia | B7: =COUNTIF(Hotels!$E$2:$E$755,A7) -> 60 | C7: =AVERAGEIF(Hotels!$E$2:$E$755,A7,Hotels!$H$2:$H$755) -> 32946.667 | D7: =_xlfn.MINIFS(Hotels!$H$2:$H$755,Hotels!$E$2:$E$755,A7) -> 2520 | E7: =_xlfn.MAXIFS(Hotels!$H$2:$H$755,Hotels!$E$2:$E$755,A7) -> 123480
A8: Italy | B8: =COUNTIF(Hotels!$E$2:$E$755,A8) -> 42 | C8: =AVERAGEIF(Hotels!$E$2:$E$755,A8,Hotels!$H$2:$H$755) -> 101353.33 | D8: =_xlfn.MINIFS(Hotels!$H$2:$H$755,Hotels!$E$2:$E$755,A8) -> 19880 | E8: =_xlfn.MAXIFS(Hotels!$H$2:$H$755,Hotels!$E$2:$E$755,A8) -> 255920
A9: Malaysia | B9: =COUNTIF(Hotels!$E$2:$E$755,A9) -> 34 | C9: =AVERAGEIF(Hotels!$E$2:$E$755,A9,Hotels!$H$2:$H$755) -> 37750.588 | D9: =_xlfn.MINIFS(Hotels!$H$2:$H$755,Hotels!$E$2:$E$755,A9) -> 5600 | E9: =_xlfn.MAXIFS(Hotels!$H$2:$H$755,Hotels!$E$2:$E$755,A9) -> 86800
A10: Morocco | B10: =COUNTIF(Hotels!$E$2:$E$755,A10) -> 29 | C10: =AVERAGEIF(Hotels!$E$2:$E$755,A10,Hotels!$H$2:$H$755) -> 64371.034 | D10: =_xlfn.MINIFS(Hotels!$H$2:$H$755,Hotels!$E$2:$E$755,A10) -> 11200 | E10: =_xlfn.MAXIFS(Hotels!$H$2:$H$755,Hotels!$E$2:$E$755,A10) -> 184800
A11: Qatar | B11: =COUNTIF(Hotels!$E$2:$E$755,A11) -> 44 | C11: =AVERAGEIF(Hotels!$E$2:$E$755,A11,Hotels!$H$2:$H$755) -> 42025.455 | D11: =_xlfn.MINIFS(Hotels!$H$2:$H$755,Hotels!$E$2:$E$755,A11) -> 7840 | E11: =_xlfn.MAXIFS(Hotels!$H$2:$H$755,Hotels!$E$2:$E$755,A11) -> 248640
A12: Saudi Arabia | B12: =COUNTIF(Hotels!$E$2:$E$755,A12) -> 33 | C12: =AVERAGEIF(Hotels!$E$2:$E$755,A12,Hotels!$H$2:$H$755) -> 59309.091 | D12: =_xlfn.MINIFS(Hotels!$H$2:$H$755,Hotels!$E$2:$E$755,A12) -> 8400 | E12: =_xlfn.MAXIFS(Hotels!$H$2:$H$755,Hotels!$E$2:$E$755,A12) -> 187040
A13: Singapore | B13: =COUNTIF(Hotels!$E$2:$E$755,A13) -> 49 | C13: =AVERAGEIF(Hotels!$E$2:$E$755,A13,Hotels!$H$2:$H$755) -> 72182.857 | D13: =_xlfn.MINIFS(Hotels!$H$2:$H$755,Hotels!$E$2:$E$755,A13) -> 16520 | E13: =_xlfn.MAXIFS(Hotels!$H$2:$H$755,Hotels!$E$2:$E$755,A13) -> 234080
A14: Spain | B14: =COUNTIF(Hotels!$E$2:$E$755,A14) -> 50 | C14: =AVERAGEIF(Hotels!$E$2:$E$755,A14,Hotels!$H$2:$H$755) -> 76725.6 | D14: =_xlfn.MINIFS(Hotels!$H$2:$H$755,Hotels!$E$2:$E$755,A14) -> 31640 | E14: =_xlfn.MAXIFS(Hotels!$H$2:$H$755,Hotels!$E$2:$E$755,A14) -> 171640
A15: Thailand | B15: =COUNTIF(Hotels!$E$2:$E$755,A15) -> 114 | C15: =AVERAGEIF(Hotels!$E$2:$E$755,A15,Hotels!$H$2:$H$755) -> 40106.316 | D15: =_xlfn.MINIFS(Hotels!$H$2:$H$755,Hotels!$E$2:$E$755,A15) -> 3640 | E15: =_xlfn.MAXIFS(Hotels!$H$2:$H$755,Hotels!$E$2:$E$755,A15) -> 228760
... A18: United Kingdom | B18: =COUNTIF(Hotels!$E$2:$E$755,A18) -> 41 | C18: =AVERAGEIF(Hotels!$E$2:$E$755,A18,Hotels!$H$2:$H$755) -> 78878.049 | D18: =_xlfn.MINIFS(Hotels!$H$2:$H$755,Hotels!$E$2:$E$755,A18) -> 12880 | E18: =_xlfn.MAXIFS(Hotels!$H$2:$H$755,Hotels!$E$2:$E$755,A18) -> 252560
A19: Total | B19: =SUM(B4:B18) -> 754 | C19: =AVERAGE(Hotels!$H$2:$H$755) -> 60041.432 | D19: =MIN(Hotels!$H$2:$H$755) -> 2520 | E19: =MAX(Hotels!$H$2:$H$755) -> 255920

Sheet Settings
A1: Settings
A3: USD to PKR rate | B3: 280
A4: All prices are shown in PKR. Edit the yellow cell (B3) to change the rate; PKR prices update automatically (PKR = Halalbooking USD price x rate).
A5: Rate source: assumed by the author of this replica (1 USD = 280 PKR), not a live market rate.
A7: Data sources
A8: Hotel name, photo, rating, review count, city: Agoda city pages (agoda.com), collected Oct 2026.
A9: Price (USD per night, "from" price): Halalbooking hotel pages (halalbooking.com, "prices from $X"), matched by hotel name and country.
A10: "From" price is the lowest advertised nightly rate; actual rates vary with dates and room type.
